-- Jhoan Sebastian Franco
-- Diego Fernando Botero 



INSERT INTO "empleado" VALUES (1476725,'Quin K. Rowland','9070918',780956,1);
INSERT INTO "empleado" VALUES (1125897,'Mariam T. Gillespie','3309567',1306328,1);
INSERT INTO "empleado" VALUES (1631804,'Seth L. Shields','8046628',1260611,1);
INSERT INTO "empleado" VALUES (1617511,'Charde Y. Sargent','5585966',1959453,1);
INSERT INTO "empleado" VALUES (1430950,'Xandra Fuentes','6636851',1513061,2);
INSERT INTO "empleado" VALUES (1350583,'Bradley Turner','4323800',1347149,2);
INSERT INTO "empleado" VALUES (1668237,'Phyllis P. Patterson','5139652',1738303,2);
INSERT INTO "empleado" VALUES (1716123,'Hayley Lowery','4055074',1415844,2);
INSERT INTO "empleado" VALUES (1898995,'Lacey C. Gardner','8383465',1980624,2);
INSERT INTO "empleado" VALUES (1603838,'Travis Patel','9097572',1988476,2);
INSERT INTO "empleado" VALUES (1134443,'Zena Olson','3895665',1690305,2);
INSERT INTO "empleado" VALUES (1523871,'Hoyt Flowers','1581607',1345326,2);
INSERT INTO "empleado" VALUES (1155507,'Demetrius Q. Clements','1712380',1851022,3);
INSERT INTO "empleado" VALUES (1611108,'Abbot Hancock','8087841',992421,3);
INSERT INTO "empleado" VALUES (1615767,'Maia Carney','2795349',1019503,3);
INSERT INTO "empleado" VALUES (1319973,'Forrest O. Holman','3491117',1982479,3);
INSERT INTO "empleado" VALUES (1698046,'Signe G. Floyd','8080365',1592723,3);
INSERT INTO "empleado" VALUES (1563741,'Mason Vega','5759077',1881538,3);
INSERT INTO "empleado" VALUES (1195719,'Kiayada K. Crosby','9712659',768462,3);
INSERT INTO "empleado" VALUES (1396082,'Garth Estes','7716175',1661484,3);
INSERT INTO "empleado" VALUES (1891064,'Lara X. Albert','2457791',1052877,3);
INSERT INTO "empleado" VALUES (1577027,'Madeline Clements','7986198',778924,3);
INSERT INTO "empleado" VALUES (1265145,'Dakota Byrd','6647796',1425727,3);
INSERT INTO "empleado" VALUES (1702214,'Helen H. Gates','2721952',1980171,4);
INSERT INTO "empleado" VALUES (1736215,'Lane U. Dodson','4267514',1611180,4);
INSERT INTO "empleado" VALUES (1413700,'Desiree Curry','5306978',1946258,4);
INSERT INTO "empleado" VALUES (1888131,'Kimberly M. Gentry','9607326',939349,4);
INSERT INTO "empleado" VALUES (1860845,'Walter D. Valdez','2358745',1912960,4);
INSERT INTO "empleado" VALUES (1326277,'Cole Sims','6112102',1208195,4);
INSERT INTO "empleado" VALUES (1652206,'Glenna U. Mcneil','8176284',1326272,4);
INSERT INTO "empleado" VALUES (1174589,'Sandra Sanders','7909686',1206048,4);
INSERT INTO "empleado" VALUES (1718716,'Blossom M. Oneill','6268238',1902934,4);
INSERT INTO "empleado" VALUES (1706689,'Deanna D. Alston','5877774',941020,4);
INSERT INTO "empleado" VALUES (1711085,'Dillon I. Davidson','2317928',1118957,4);
INSERT INTO "empleado" VALUES (1160193,'Christian C. Powers','9948034',1172145,1);
INSERT INTO "empleado" VALUES (1310802,'Elijah G. French','7100266',1079902,1);
INSERT INTO "empleado" VALUES (1430779,'Cameron Foster','5328763',1612775,1);
INSERT INTO "empleado" VALUES (1608768,'Derek D. Nolan','1347942',881019,1);
INSERT INTO "empleado" VALUES (1496800,'Erasmus Murray','8562613',1836043,1);
INSERT INTO "empleado" VALUES (1607281,'Brady P. Combs','1476224',1997051,1);
INSERT INTO "empleado" VALUES (1192572,'Mikayla Thomas','7060669',1998247,1);
INSERT INTO "empleado" VALUES (1438828,'Stacy Simmons','8980710',1745969,1);
INSERT INTO "empleado" VALUES (1202803,'Elvis Y. Foreman','2138327',1916813,1);
INSERT INTO "empleado" VALUES (1529989,'Alexandra G. Bowen','2595406',1561534,1);
INSERT INTO "empleado" VALUES (1662285,'Skyler Petersen','3523728',1787024,1);
INSERT INTO "empleado" VALUES (1423705,'Hamilton Guerra','3470296',1198768,1);
INSERT INTO "empleado" VALUES (1260684,'Jarrod Stephens','3197694',706972,1);
INSERT INTO "empleado" VALUES (1116129,'Drew Albert','6086978',882628,1);
INSERT INTO "empleado" VALUES (1862863,'Octavia X. Keller','4509901',1947623,1);
INSERT INTO "empleado" VALUES (1675829,'Maxwell Andrews','3460190',773236,5);

INSERT INTO "administrador" VALUES (1698046);
INSERT INTO "administrador" VALUES (1195719);
INSERT INTO "administrador" VALUES (1155507);


INSERT INTO "usuario" VALUES (0,'Usuario Externo','0');
INSERT INTO "usuario" VALUES (1363289,'Camilla Schwartz','1676826');
INSERT INTO "usuario" VALUES (1821974,'Jared Wolfe','5042673');
INSERT INTO "usuario" VALUES (1553699,'Thor Downs','9343238');
INSERT INTO "usuario" VALUES (1687370,'Kellie Maldonado','5456892');
INSERT INTO "usuario" VALUES (1132605,'Sean W. Pittman','6978311');
INSERT INTO "usuario" VALUES (1248170,'Isadora Pacheco','2038199');
INSERT INTO "usuario" VALUES (1611748,'Alfreda Franco','5702466');
INSERT INTO "usuario" VALUES (1818273,'Susan Y. Mills','3950190');
INSERT INTO "usuario" VALUES (1690907,'Susan Carson','8857228');
INSERT INTO "usuario" VALUES (1650069,'Jocelyn G. Bishop','2713701');
INSERT INTO "usuario" VALUES (1726147,'David I. Barlow','8451079');
INSERT INTO "usuario" VALUES (1160799,'Zelenia U. Dotson','7906226');
INSERT INTO "usuario" VALUES (1509838,'Shoshana N. Contreras','1065074');
INSERT INTO "usuario" VALUES (1740689,'Ginger U. Dillard','3056887');
INSERT INTO "usuario" VALUES (1523596,'Jermaine C. Baker','2977628');
INSERT INTO "usuario" VALUES (1692392,'Sebastian Holloway','5995055');
INSERT INTO "usuario" VALUES (1543634,'Josiah Charles','8914565');
INSERT INTO "usuario" VALUES (1854931,'Hedley R. Oneil','6697125');
INSERT INTO "usuario" VALUES (1456653,'Chloe Beck','8590726');
INSERT INTO "usuario" VALUES (1413203,'Rebecca W. Aguilar','7789125');
INSERT INTO "usuario" VALUES (1808548,'James Erickson','1413650');
INSERT INTO "usuario" VALUES (1373861,'Macon A. Taylor','5671020');
INSERT INTO "usuario" VALUES (1159821,'Baker Long','2117752');
INSERT INTO "usuario" VALUES (1701437,'Jolie Mcconnell','4419744');
INSERT INTO "usuario" VALUES (1810841,'Ignacia Y. Calhoun','2551770');
INSERT INTO "usuario" VALUES (1558836,'Randall Woodard','8290947');
INSERT INTO "usuario" VALUES (1388330,'Christopher Fulton','3026823');
INSERT INTO "usuario" VALUES (1672626,'Christopher Petty','7554604');
INSERT INTO "usuario" VALUES (1236284,'Cameron H. Hayden','9092074');
INSERT INTO "usuario" VALUES (1786577,'Lee Fletcher','3710575');
INSERT INTO "usuario" VALUES (1116085,'Dalton Kinney','4952910');
INSERT INTO "usuario" VALUES (1218318,'Jocelyn F. Compton','8212915');
INSERT INTO "usuario" VALUES (1324814,'Kathleen Q. Lynn','1758388');
INSERT INTO "usuario" VALUES (1532543,'Blake R. Singleton','3637389');
INSERT INTO "usuario" VALUES (1337350,'Charde Manning','8594431');
INSERT INTO "usuario" VALUES (1584243,'Lester Mckay','1961862');
INSERT INTO "usuario" VALUES (1586899,'Chelsea Melendez','6164627');
INSERT INTO "usuario" VALUES (1141389,'Aphrodite M. Holden','2516223');
INSERT INTO "usuario" VALUES (1337286,'Hayes Freeman','3804481');
INSERT INTO "usuario" VALUES (1866159,'Alexis C. Watson','5201467');
INSERT INTO "usuario" VALUES (1505868,'Graham A. Branch','9512727');
INSERT INTO "usuario" VALUES (1542534,'Vanna Bowers','1956502');
INSERT INTO "usuario" VALUES (1179594,'Rhona T. Mendez','5908020');
INSERT INTO "usuario" VALUES (1837931,'Karina O. Carver','7304115');
INSERT INTO "usuario" VALUES (1180319,'Hoyt Hicks','8815535');




INSERT INTO "tarjeta" ("tarjeta_saldo","tarjeta_estado","tarjeta_usuario") VALUES (1800, true, 1363289);
INSERT INTO "tarjeta" ("tarjeta_saldo","tarjeta_estado","tarjeta_usuario") VALUES (10000, true, 1180319);
INSERT INTO "tarjeta" ("tarjeta_saldo","tarjeta_estado","tarjeta_usuario") VALUES (9500, true, 1337286);
INSERT INTO "tarjeta" ("tarjeta_saldo","tarjeta_estado","tarjeta_usuario") VALUES (1200, true, 1532543);
INSERT INTO "tarjeta" ("tarjeta_saldo","tarjeta_estado","tarjeta_usuario") VALUES (0, false, 1218318);
INSERT INTO "tarjeta" ("tarjeta_saldo","tarjeta_estado","tarjeta_usuario") VALUES (4000, false, 1650069);
INSERT INTO "tarjeta" ("tarjeta_saldo","tarjeta_estado","tarjeta_usuario") VALUES (100, true, 1141389);
INSERT INTO "tarjeta" ("tarjeta_saldo","tarjeta_estado","tarjeta_usuario") VALUES (-1800, true, 1866159);
INSERT INTO "tarjeta" ("tarjeta_saldo","tarjeta_estado","tarjeta_usuario") VALUES (-700, true, 1542534);
INSERT INTO "tarjeta" ("tarjeta_saldo","tarjeta_estado","tarjeta_usuario") VALUES (2000, true, 1337350);
INSERT INTO "tarjeta" ("tarjeta_saldo","tarjeta_estado","tarjeta_usuario") VALUES (300, true, 1786577);
INSERT INTO "tarjeta" ("tarjeta_saldo","tarjeta_estado","tarjeta_usuario") VALUES (5000, true, 1810841);
INSERT INTO "tarjeta" ("tarjeta_saldo","tarjeta_estado","tarjeta_usuario") VALUES (-1500, true, 1808548);
INSERT INTO "tarjeta" ("tarjeta_saldo","tarjeta_estado","tarjeta_usuario") VALUES (1900, false, 1413203);
INSERT INTO "tarjeta" ("tarjeta_saldo","tarjeta_estado","tarjeta_usuario") VALUES (2200, true, 1456653);
INSERT INTO "tarjeta" ("tarjeta_saldo","tarjeta_estado","tarjeta_usuario") VALUES (15000, true, 1854931);
INSERT INTO "tarjeta" ("tarjeta_saldo","tarjeta_estado","tarjeta_usuario") VALUES (14300, true, 1818273);
INSERT INTO "tarjeta" ("tarjeta_saldo","tarjeta_estado","tarjeta_usuario") VALUES (3000, true, 1523596);
INSERT INTO "tarjeta" ("tarjeta_saldo","tarjeta_estado","tarjeta_usuario") VALUES (5400, true, 1248170);
INSERT INTO "tarjeta" ("tarjeta_saldo","tarjeta_estado","tarjeta_usuario") VALUES (9000, true, 1687370);
INSERT INTO "tarjeta" ("tarjeta_saldo","tarjeta_estado","tarjeta_usuario") VALUES (86767, true, 1821974);
INSERT INTO "tarjeta" ("tarjeta_saldo","tarjeta_estado","tarjeta_usuario") VALUES (23423423, true, 0000000);
INSERT INTO "tarjeta" ("tarjeta_saldo","tarjeta_estado","tarjeta_usuario") VALUES (756756, true, 0000000);
INSERT INTO "tarjeta" ("tarjeta_saldo","tarjeta_estado","tarjeta_usuario") VALUES (9090, true, 0000000);
INSERT INTO "tarjeta" ("tarjeta_saldo","tarjeta_estado","tarjeta_usuario") VALUES (676, true, 0000000);
INSERT INTO "tarjeta" ("tarjeta_saldo","tarjeta_estado","tarjeta_usuario") VALUES (0, true, 0000000);


INSERT INTO "ruta" ("ruta_id","ruta_descrip") VALUES ('T31','Lorem ipsum dolor sit amet, consectetuer adipiscing elit. Curabitur');
INSERT INTO "ruta" ("ruta_id","ruta_descrip") VALUES ('T47A','Lorem ipsum dolor sit amet, consectetuer adipiscing elit. Curabitur');
INSERT INTO "ruta" ("ruta_id","ruta_descrip") VALUES ('T47B','Lorem ipsum dolor sit amet, consectetuer adipiscing elit. Curabitur');
INSERT INTO "ruta" ("ruta_id","ruta_descrip") VALUES ('T40','Lorem ipsum dolor sit amet, consectetuer adipiscing elit. Curabitur');
INSERT INTO "ruta" ("ruta_id","ruta_descrip") VALUES ('T50','Lorem ipsum dolor sit amet, consectetuer adipiscing elit. Curabitur');
INSERT INTO "ruta" ("ruta_id","ruta_descrip") VALUES ('T52','Lorem ipsum dolor sit amet, consectetuer adipiscing elit. Curabitur');
INSERT INTO "ruta" ("ruta_id","ruta_descrip") VALUES ('T42','Lorem ipsum dolor sit amet, consectetuer adipiscing elit. Curabitur');
INSERT INTO "ruta" ("ruta_id","ruta_descrip") VALUES ('E52','Lorem ipsum dolor sit amet, consectetuer adipiscing elit. Curabitur');
INSERT INTO "ruta" ("ruta_id","ruta_descrip") VALUES ('E37','Lorem ipsum dolor sit amet, consectetuer adipiscing elit. Curabitur');
INSERT INTO "ruta" ("ruta_id","ruta_descrip") VALUES ('E27','Lorem ipsum dolor sit amet, consectetuer adipiscing elit. Curabitur');
INSERT INTO "ruta" ("ruta_id","ruta_descrip") VALUES ('E21','Lorem ipsum dolor sit amet, consectetuer adipiscing elit. Curabitur');
INSERT INTO "ruta" ("ruta_id","ruta_descrip") VALUES ('E31','Lorem ipsum dolor sit amet, consectetuer adipiscing elit. Curabitur');
INSERT INTO "ruta" ("ruta_id","ruta_descrip") VALUES ('P47A','Lorem ipsum dolor sit amet, consectetuer adipiscing elit. Curabitur');
INSERT INTO "ruta" ("ruta_id","ruta_descrip") VALUES ('P47B','Lorem ipsum dolor sit amet, consectetuer adipiscing elit. Curabitur');
INSERT INTO "ruta" ("ruta_id","ruta_descrip") VALUES ('P47C','Lorem ipsum dolor sit amet, consectetuer adipiscing elit. Curabitur');
INSERT INTO "ruta" ("ruta_id","ruta_descrip") VALUES ('P72','Lorem ipsum dolor sit amet, consectetuer adipiscing elit. Curabitur');
INSERT INTO "ruta" ("ruta_id","ruta_descrip") VALUES ('P10A','Lorem ipsum dolor sit amet, consectetuer adipiscing elit. Curabitur');
INSERT INTO "ruta" ("ruta_id","ruta_descrip") VALUES ('P10B','Lorem ipsum dolor sit amet, consectetuer adipiscing elit. Curabitur');
INSERT INTO "ruta" ("ruta_id","ruta_descrip") VALUES ('P10D','Lorem ipsum dolor sit amet, consectetuer adipiscing elit. Curabitur');
INSERT INTO "ruta" ("ruta_id","ruta_descrip") VALUES ('P30','Lorem ipsum dolor sit amet, consectetuer adipiscing elit. Curabitur');
INSERT INTO "ruta" ("ruta_id","ruta_descrip") VALUES ('P21A','Lorem ipsum dolor sit amet, consectetuer adipiscing elit. Curabitur');
INSERT INTO "ruta" ("ruta_id","ruta_descrip") VALUES ('P21B','Lorem ipsum dolor sit amet, consectetuer adipiscing elit. Curabitur');
INSERT INTO "ruta" ("ruta_id","ruta_descrip") VALUES ('P17','Lorem ipsum dolor sit amet, consectetuer adipiscing elit. Curabitur');
INSERT INTO "ruta" ("ruta_id","ruta_descrip") VALUES ('A01','Lorem ipsum dolor sit amet, consectetuer adipiscing elit. Curabitur');
INSERT INTO "ruta" ("ruta_id","ruta_descrip") VALUES ('A02','Lorem ipsum dolor sit amet, consectetuer adipiscing elit. Curabitur');
INSERT INTO "ruta" ("ruta_id","ruta_descrip") VALUES ('A05','Lorem ipsum dolor sit amet, consectetuer adipiscing elit. Curabitur');
INSERT INTO "ruta" ("ruta_id","ruta_descrip") VALUES ('A11','Lorem ipsum dolor sit amet, consectetuer adipiscing elit. Curabitur');
INSERT INTO "ruta" ("ruta_id","ruta_descrip") VALUES ('A18','Lorem ipsum dolor sit amet, consectetuer adipiscing elit. Curabitur');
INSERT INTO "ruta" ("ruta_id","ruta_descrip") VALUES ('A19A','Lorem ipsum dolor sit amet, consectetuer adipiscing elit. Curabitur');
INSERT INTO "ruta" ("ruta_id","ruta_descrip") VALUES ('A14','Lorem ipsum dolor sit amet, consectetuer adipiscing elit. Curabitur');


INSERT INTO "tipo_bus" VALUES (1,'ALIMENTADOR');
INSERT INTO "tipo_bus" VALUES (2,'PADRON');
INSERT INTO "tipo_bus" VALUES (3,'ARTICULADO');


INSERT INTO "tipo_motivo" VALUES (1,'MALA ATENCIÓN');
INSERT INTO "tipo_motivo" VALUES (2,'ROBO');
INSERT INTO "tipo_motivo" VALUES (3,'SEGURIDAD');
INSERT INTO "tipo_motivo" VALUES (4,'IRRESPETO');
INSERT INTO "tipo_motivo" VALUES (5,'ABUSO DEL PODER');
INSERT INTO "tipo_motivo" VALUES (6,'BASURAS EN LA ESTACIÓN');


INSERT INTO "bus" VALUES ('D3N 6B4', 3,'P10D');
INSERT INTO "bus" VALUES ('P6X 6L9', 3,'P10B');
INSERT INTO "bus" VALUES ('P1O 0W5', 3,'P17');
INSERT INTO "bus" VALUES ('U0J 4B0', 3,'P21A');
INSERT INTO "bus" VALUES ('I5F 4T8', 2,'P47A');
INSERT INTO "bus" VALUES ('E2L 1Z1', 1,'P47B');
INSERT INTO "bus" VALUES ('Z6M 5E5', 2,'P47C');
INSERT INTO "bus" VALUES ('B4D 7W1', 2,'P10A');
INSERT INTO "bus" VALUES ('Z8F 1G2', 3,'P21B');
INSERT INTO "bus" VALUES ('B3G 8R9', 3,'P72');
INSERT INTO "bus" VALUES ('V3J 6Z6', 2,'P30');
INSERT INTO "bus" VALUES ('U0T 7C6', 2,'T31');
INSERT INTO "bus" VALUES ('M0F 5F6', 2,'T40');
INSERT INTO "bus" VALUES ('E4M 5O2', 2,'T42');
INSERT INTO "bus" VALUES ('V4Z 2Z4', 1,'T47A');
INSERT INTO "bus" VALUES ('Y6W 1N0', 3,'T47B');
INSERT INTO "bus" VALUES ('U4X 9Q6', 3,'T50');
INSERT INTO "bus" VALUES ('G1F 2H8', 1,'T52');
INSERT INTO "bus" VALUES ('Z6T 9Y8', 1,'E21');
INSERT INTO "bus" VALUES ('M7D 5K7', 1,'E27');
INSERT INTO "bus" VALUES ('D4Y 7A1', 3,'E31');
INSERT INTO "bus" VALUES ('H7H 2T4', 3,'E37');
INSERT INTO "bus" VALUES ('B8M 3C0', 2,'E52');
INSERT INTO "bus" VALUES ('M8L 8M2', 1,'A01');
INSERT INTO "bus" VALUES ('D4Y 5J6', 2,'A02');
INSERT INTO "bus" VALUES ('H3K 4Y9', 1,'A05');
INSERT INTO "bus" VALUES ('A4D 6I3', 2,'A11');
INSERT INTO "bus" VALUES ('D9U 3H1', 2,'A14');
INSERT INTO "bus" VALUES ('Y1Q 6A6', 1,'A18');
INSERT INTO "bus" VALUES ('Z7K 7H2', 3,'A19A');
INSERT INTO "bus" VALUES ('W5R 8V7', 3,'P10A');
INSERT INTO "bus" VALUES ('G7Y 3O7', 1,'P10B');
INSERT INTO "bus" VALUES ('B4A 1Z1', 3,'P10D');
INSERT INTO "bus" VALUES ('W5E 2P5', 3,'P17');
INSERT INTO "bus" VALUES ('E7T 5D9', 3,'P21A');
INSERT INTO "bus" VALUES ('Q8P 5B1', 2,'P21B');
INSERT INTO "bus" VALUES ('P2C 1O5', 2,'P30');
INSERT INTO "bus" VALUES ('W9H 2G7', 1,'P72');
INSERT INTO "bus" VALUES ('P7A 9H1', 2,'T40');
INSERT INTO "bus" VALUES ('B5S 6N9', 2,'T31');
INSERT INTO "bus" VALUES ('K7T 3O5', 1,'T31');
INSERT INTO "bus" VALUES ('X2N 7Z0', 2,'T47A');
INSERT INTO "bus" VALUES ('C8F 9K8', 3,'T52');
INSERT INTO "bus" VALUES ('J8S 0E8', 1,'E31');
INSERT INTO "bus" VALUES ('B6C 7A8', 2,'E37');
INSERT INTO "bus" VALUES ('U7P 2A9', 3,'T42');
INSERT INTO "bus" VALUES ('Y1R 4E4', 1,'E27');
INSERT INTO "bus" VALUES ('W3F 6Y7', 3,'P47A');
INSERT INTO "bus" VALUES ('R6G 6S4', 2,'A05');
INSERT INTO "bus" VALUES ('C6O 1N2', 3,'A18');



INSERT INTO "estacion" VALUES (1, 'San Pascual', '12-23',1155507);
INSERT INTO "estacion" VALUES (2, 'San Bosco', '20-29',1195719);
INSERT INTO "estacion" VALUES (3, 'Centro', '26-38',1155507);

INSERT INTO "turno" ("turno_dia_inicio","turno_dia_fin","turno_hora_inicio","turno_hora_fin") VALUES ('Lunes', 'Martes', '22:00','08:00');